type_name,release_year,age_certification,titles.title
MOVIE,2020,PG,Sonic the Hedgehog
MOVIE,2020,PG,Meteor Moon
MOVIE,2020,PG,Come Away
MOVIE,2020,PG,Closed for Storm
MOVIE,2020,PG,First Lady
MOVIE,2020,PG,The Secret: Dare to Dream
MOVIE,2020,PG,Close Encounters of the Fifth Kind
MOVIE,2020,PG,Cosmoball
MOVIE,2020,PG,Think Like a Dog
MOVIE,2020,PG,Four Kids and It
MOVIE,2020,PG,More Beautiful for Having Been Broken
MOVIE,2020,PG,Halloween Party
MOVIE,2020,PG,Selfie Dad
MOVIE,2020,PG,Pacto de Fuga
MOVIE,2020,PG,For the Love of Jessee
MOVIE,2020,PG,Useless
MOVIE,2020,PG,About Hope
MOVIE,2020,PG,Once is Enough
MOVIE,2020,PG,Winona
MOVIE,2020,PG,Dino Dana: The Movie
MOVIE,2020,PG,Gunpoint
MOVIE,2020,PG,Home Sweet Home
MOVIE,2020,PG,Painter
MOVIE,2020,PG,Break
MOVIE,2020,PG,Underplayed
MOVIE,2020,PG,Valayam
MOVIE,2020,PG,Kabir Singh: Retiring Material
MOVIE,2020,PG,Maserati: A Hundred Years Against All Odds
MOVIE,2020,PG,Copper Bill
MOVIE,2020,PG,"Don't Call Me Bigfoot"
MOVIE,2020,PG,Cobalt Heir
MOVIE,2020,PG,Kadathal Kaaran
MOVIE,2021,PG,Clifford the Big Red Dog
MOVIE,2021,PG,Rumble
MOVIE,2021,PG,Cinderella
MOVIE,2021,PG,Finding You
MOVIE,2021,PG,The Tangle
MOVIE,2021,PG,Master
MOVIE,2021,PG,Justin Bieber: Our World
MOVIE,2021,PG,Babysitter Must Die
MOVIE,2021,PG,Matched
MOVIE,2021,PG,Tuck Jagadish
MOVIE,2021,PG,Sandeep Aur Pinky Faraar
MOVIE,2021,PG,Aanum Pennum
MOVIE,2021,PG,Seithithaal
MOVIE,2021,PG,Kadampari
MOVIE,2021,PG,"The Colonel's Stray Dogs"
MOVIE,2021,PG,Jose Sarduy: Cuban Pilot
MOVIE,2021,PG,Ty Barnett: Yep