genres,titles.title
"['comedy', 'drama', 'romance']",His Girl Friday
"['comedy', 'drama', 'romance']",Made for Each Other
"['comedy', 'drama', 'romance']",Judge Priest
"['comedy', 'drama', 'romance']",Cheers For Miss Bishop
"['comedy', 'drama', 'romance']",Funny Girl
"['comedy', 'drama', 'romance']",The Pajama Game
"['comedy', 'drama', 'romance']",Jessica
"['comedy', 'drama', 'romance']",Server Sundaram
"['comedy', 'drama', 'romance']",Sugarbaby
"['comedy', 'drama', 'romance']",Rushmore
"['comedy', 'drama', 'romance']",The Opposite of Sex
"['comedy', 'drama', 'romance']",Stonewall
"['comedy', 'drama', 'romance']",Coimbatore Mappillai
"['comedy', 'drama', 'romance']",Yeh Dillagi
"['comedy', 'drama', 'romance']",Saving Face
"['comedy', 'drama', 'romance']",Boys Over Flowers
"['comedy', 'drama', 'romance']",Charlie Bartlett
"['comedy', 'drama', 'romance']",Sidewalks of New York
"['comedy', 'drama', 'romance']",Welcome Home Roscoe Jenkins
"['comedy', 'drama', 'romance']",Hum Tum
"['comedy', 'drama', 'romance']",Thiruda Thirudi
"['comedy', 'drama', 'romance']",Honeymoon Travels Pvt. Ltd.
"['comedy', 'drama', 'romance']",Touch of Pink
"['comedy', 'drama', 'romance']",Boynton Beach Club
"['comedy', 'drama', 'romance']",Mere Yaar Ki Shaadi Hai
"['comedy', 'drama', 'romance']",Kiss My Act
"['comedy', 'drama', 'romance']",Au Revoir UFO
"['comedy', 'drama', 'romance']",A Kind of Wonderful Thing
"['comedy', 'drama', 'romance']",Mujhse Fraaandship Karoge
"['comedy', 'drama', 'romance']",Girls Like Us
"['comedy', 'drama', 'romance']",Hello Memsaheb
"['comedy', 'drama', 'romance']",The Lifeguard
"['comedy', 'drama', 'romance']",100 Days
"['comedy', 'drama', 'romance']",And So It Goes
"['comedy', 'drama', 'romance']",Eat With Me
"['comedy', 'drama', 'romance']",Leading Lady
"['comedy', 'drama', 'romance']",Mere Dad Ki Maruti
"['comedy', 'drama', 'romance']",Brightest Star
"['comedy', 'drama', 'romance']",Bewakoofiyaan
"['comedy', 'drama', 'romance']",Last Cab to Darwin
"['comedy', 'drama', 'romance']",Inji Iduppazhagi
"['comedy', 'drama', 'romance']",Hillary
"['comedy', 'drama', 'romance']","Summer '03"
"['comedy', 'drama', 'romance']",The Bachelors
"['comedy', 'drama', 'romance']",Everything Is Free
"['comedy', 'drama', 'romance']",Amanda & Jack Go Glamping
"['comedy', 'drama', 'romance']",Badrinath Ki Dulhania
"['comedy', 'drama', 'romance']",Porthole
"['comedy', 'drama', 'romance']",After Party
"['comedy', 'drama', 'romance']",Mister
"['comedy', 'drama', 'romance']",California No
"['comedy', 'drama', 'romance']",Happy Birthday Toby Simpson
"['comedy', 'drama', 'romance']",Seethakathi
"['comedy', 'drama', 'romance']",Hara Hara Mahadevaki
"['comedy', 'drama', 'romance']",20 Days
"['comedy', 'drama', 'romance']",Asawa ko karibal ko
"['comedy', 'drama', 'romance']",Golden Voices
"['comedy', 'drama', 'romance']",Never Too Late
"['comedy', 'drama', 'romance']",Eternal Beauty
"['comedy', 'drama', 'romance']",Bad Therapy
"['comedy', 'drama', 'romance']",Good Newwz
"['comedy', 'drama', 'romance']",Avocado Toast
"['comedy', 'drama', 'romance']",Victoria Small
"['comedy', 'drama', 'romance']",A Room Full of Nothing
"['comedy', 'drama', 'romance']",Lost at Christmas
"['comedy', 'drama', 'romance']",Middle Class Melodies
"['comedy', 'drama', 'romance']",Catching Up
"['comedy', 'drama', 'romance']",Honsla Rakh
"['comedy', 'drama', 'romance']",Merise Merise
"['comedy', 'drama', 'romance']",Ashley Jones Is Perfectly Normal
"['comedy', 'drama', 'romance']",Distancing Socially