type_name,release_year,imdb_rating.imdb_score,titles.title
SHOW,2020,7.9,Upload
SHOW,2020,7.6,Your Honor
MOVIE,2020,7.7,Sound of Metal
SHOW,2020,7.8,Small Axe
SHOW,2020,7.6,VICE
SHOW,2020,7.6,"Joanna Lumley's Hidden Caribbean: Havana to Haiti"
SHOW,2020,8.3,James May: Our Man In Japan
MOVIE,2020,8.1,Ana
SHOW,2020,7.8,Ted Bundy: Falling for a Killer
MOVIE,2020,7.7,Harry Chapin: When in Doubt Do Something
SHOW,2020,8.1,Eternal Love of Dream
SHOW,2020,8,The Romance of Tiger and Rose
SHOW,2020,8.6,The Last Narc
MOVIE,2020,7.7,Maria Bamford: Weakness Is the Brand
SHOW,2020,8.4,El Presidente
SHOW,2020,8.4,SpongeBob DocuPants
SHOW,2020,8.2,The Challenge: ETA
MOVIE,2020,7.9,WINE and WAR
SHOW,2020,8.2,Berlin 1945: Tagebuch einer Großstadt
SHOW,2020,7.6,Breathe: Into the Shadows
MOVIE,2020,7.6,Dan Cummins: Get Outta Here; Devil!
MOVIE,2020,7.7,LEGO Monkie Kid: A Hero Is Born
SHOW,2020,7.9,Casting The Net
SHOW,2020,7.6,Fernando
SHOW,2020,8.8,Panchayat
MOVIE,2020,9.2,Soorarai Pottru
SHOW,2020,7.9,Jamie: Keep Cooking and Carry On
SHOW,2020,8.3,Zahara: The Return
SHOW,2020,8.9,"The Test: A New Era for Australia's Team"
SHOW,2020,7.8,Toca Life Stories
SHOW,2020,7.6,World War 2 - The Call of Duty: A Complete Timeline
MOVIE,2020,8.1,Oh My Kadavule
SHOW,2020,8,The Forgotten Army - Azaadi ke liye
MOVIE,2020,8.2,Love Mocktail
MOVIE,2020,7.8,C U Soon
MOVIE,2020,8,Ayyappanum Koshiyum
SHOW,2020,7.9,A Series of Light
MOVIE,2020,9.2,Quota
SHOW,2020,8.8,Winter Begonia
SHOW,2020,7.8,Carolina Marín: Puedo porque pienso que puedo
SHOW,2020,8.2,Britain by Narrowboat
MOVIE,2020,8.3,Christmas Staycation
MOVIE,2020,8,Sufna
MOVIE,2020,7.8,The Name
SHOW,2020,8.6,Love and Redemption
SHOW,2020,7.8,Cave Club
MOVIE,2020,8.5,Mustang Saviors
MOVIE,2020,7.8,Anonymous Vol. 1 - The Dreamland Adventures the Mysteries of Atlantis
MOVIE,2020,8.3,Jonas Kaufmann - Ein Weltstar ganz privat
MOVIE,2020,8.4,Once a Marine
MOVIE,2020,7.8,Middle Class Melodies
SHOW,2020,8.3,Miss Truth
MOVIE,2020,8,Prawaas
SHOW,2020,8.2,Roots Less Traveled
MOVIE,2020,7.6,Québexit
MOVIE,2020,8.6,Mambo Man
MOVIE,2020,7.7,Nicole Burch: Never Been Kissed
MOVIE,2020,7.6,Unprescribed
MOVIE,2020,7.6,Charlene
MOVIE,2020,8.3,I Do
MOVIE,2020,8.5,Doorman
MOVIE,2020,8.4,ReWilding Kernwood
MOVIE,2020,7.9,The Road to Cabazon
MOVIE,2020,9.1,Toxification
MOVIE,2020,9.1,The Adventures of Major Miracle
SHOW,2020,7.8,Dog Years
MOVIE,2020,7.6,Black History Activators
MOVIE,2020,7.7,3rd Class
SHOW,2020,8.5,I Can See You