type_name,runtime,production_countries,titles.title
MOVIE,171,"['US']",The Best Years of Our Lives
MOVIE,130,"['US']","It's a Wonderful Life"
MOVIE,197,"['US']","Intolerance: Love's Struggle Throughout the Ages"
MOVIE,101,"['US']",The Phantom of the Opera
MOVIE,104,"['US']",Wuthering Heights
MOVIE,115,"['US']",The Little Foxes
MOVIE,106,"['US']",Stella Dallas
MOVIE,101,"['US']",Dodsworth
MOVIE,128,"['US']",The Pride of the Yankees
MOVIE,112,"['US']",Cyrano de Bergerac
MOVIE,103,"['US']",Scarlet Street
MOVIE,149,"['US']",The Thief of Bagdad
MOVIE,106,"['US']",Jungle Book
MOVIE,109,"['US']","The Bishop's Wife"
MOVIE,105,"['US']",The Secret Life of Walter Mitty
MOVIE,115,"['US']",The Strange Love of Martha Ivers
MOVIE,120,"['US']","Lady Windermere's Fan"
MOVIE,122,"['US']",Meet John Doe
MOVIE,116,"['US']",The Outlaw
MOVIE,101,"['US']",The Front Page
MOVIE,134,"['US']",Hangmen Also Die!
MOVIE,113,"['US']",The Hunchback of Notre Dame
MOVIE,110,"['US']",Santa Fe Trail
MOVIE,118,"['US']",Life with Father
MOVIE,119,"['US']",Penny Serenade
MOVIE,150,"['US']",Orphans of the Storm
MOVIE,133,"['US']",Robin Hood
MOVIE,110,"['US']",The Hurricane
MOVIE,108,"['US']",The Cat and the Canary
MOVIE,103,"['US']",Smash-Up: The Story of a Woman
MOVIE,111,"['US']",Impact
MOVIE,258,"['US']",The Green Hornet
MOVIE,113,"['US']",A Song Is Born
MOVIE,101,"['US']",The Inspector General
MOVIE,145,"['US']",Way Down East
MOVIE,132,"['US']",Till the Clouds Roll By
MOVIE,108,"['US']",The North Star
MOVIE,140,"['US']",Africa Screams
MOVIE,102,"['US']",Little Lord Fauntleroy
MOVIE,103,"['US']",The Iron Mask
MOVIE,228,"['US']",Tarzan the Fearless
MOVIE,106,"['US']",Three Came Home
MOVIE,132,"['US']",Stage Door Canteen
MOVIE,106,"['US']",The Babe Ruth Story
MOVIE,117,"['US']",Hearts of the World
MOVIE,105,"['US']",Up in Arms
MOVIE,143,"['US']",One Exciting Night
MOVIE,138,"['US']",Joan the Woman
MOVIE,102,"['US']",The Son of Monte Cristo
MOVIE,121,"['US']",This Is the Army
MOVIE,121,"['US']",Guest in the House
MOVIE,109,"['US']",Nomads of the North
MOVIE,113,"['US']",The Kid from Brooklyn
MOVIE,111,"['US']",Don Q Son of Zorro
MOVIE,104,"['US']",The Love Flower
MOVIE,110,"['US']",Merry-Go-Round
MOVIE,102,"['US']",Heartbeat
MOVIE,117,"['US']",The Affairs of Anatol
MOVIE,328,"['US']","Custer's Last Stand"
MOVIE,106,"['US']",Young Frankenstein
MOVIE,129,"['US']",Raging Bull
MOVIE,113,"['US']",The Conversation
MOVIE,149,"['US']",Funny Girl
MOVIE,117,"['US']",Three Days of the Condor
MOVIE,125,"['US']",The Apartment
MOVIE,116,"['US']",Invasion of the Body Snatchers
MOVIE,125,"['US']",Marathon Man
MOVIE,117,"['US']",The Last Waltz
MOVIE,102,"['US']",Paper Moon
MOVIE,107,"['US']",To Catch a Thief
MOVIE,117,"['US']",The Poseidon Adventure
MOVIE,163,"['US']","It's a Mad Mad Mad Mad World"
MOVIE,260,"['US']",The Greatest Story Ever Told
MOVIE,113,"['US']",Escape From Alcatraz
MOVIE,124,"['US']",Ordinary People
MOVIE,129,"['US']",The Quiet Man
MOVIE,113,"['US']",Charade
MOVIE,103,"['US']",Funny Face
MOVIE,108,"['US']",California Split
MOVIE,102,"['US']",The Thomas Crown Affair
MOVIE,104,"['US']",Eyes of Laura Mars
MOVIE,101,"['US']",Heaven Can Wait
MOVIE,150,"['US']",Guys and Dolls
MOVIE,165,"['US']",The Big Country
MOVIE,108,"['US']",Semi-Tough
MOVIE,139,"['US']",Little Big Man
MOVIE,104,"['US']",Futureworld
MOVIE,118,"['US']",The Longest Yard
MOVIE,115,"['US']",Thunderbolt and Lightfoot
MOVIE,123,"['US']",The Last Tycoon
MOVIE,134,"['US']",King Kong
MOVIE,101,"['US']",The Pajama Game
MOVIE,103,"['US']",The King of Marvin Gardens
MOVIE,102,"['US']",Downhill Racer
MOVIE,102,"['US']",Prophecy
MOVIE,111,"['US']",Damn Yankees
MOVIE,103,"['US']",The Hospital
MOVIE,119,"['US']",The Man with the Golden Arm
MOVIE,127,"['US']",McLintock!
MOVIE,102,"['US']",Across 110th Street
MOVIE,150,"['US']",Lost Horizon
MOVIE,106,"['US']",The Angel Levine
MOVIE,103,"['US']",Harry in Your Pocket
MOVIE,143,"['US']",Black Sunday
MOVIE,116,"['US']",The Unforgiven
MOVIE,103,"['US']",Mr. Majestyk
MOVIE,115,"['US']",Gator
MOVIE,150,"['US']",The Group
MOVIE,118,"['US']",How to Murder Your Wife
MOVIE,108,"['US']",They Call Me Mister Tibbs!
MOVIE,107,"['US']",Attack
MOVIE,133,"['US']",Flower Drum Song
MOVIE,113,"['US']",Inside Moves
MOVIE,117,"['US']",The Snows of Kilimanjaro
MOVIE,114,"['US']",Electra Glide in Blue
MOVIE,123,"['US']",The Competition
MOVIE,128,"['US']",The Outsider
MOVIE,111,"['US']",Pal Joey
MOVIE,105,"['US']",Lord Love a Duck
MOVIE,105,"['US']",Trapeze
MOVIE,102,"['US']",The Scalphunters
MOVIE,112,"['US']",Strategic Air Command
MOVIE,139,"['US']",The Secret of Santa Vittoria
MOVIE,110,"['US']",Mrs. Pollifax
MOVIE,105,"['US']","If It's Tuesday This Must Be Belgium"
MOVIE,120,"['US']",Twice-Told Tales
MOVIE,116,"['US']",What Did You Do in the War Daddy?
MOVIE,103,"['US']",The Proud Rebel
MOVIE,112,"['US']",Joni
MOVIE,112,"['US']",The Klansman
MOVIE,109,"['US']",Harlow
MOVIE,104,"['US']",Embryo
MOVIE,109,"['US']",Ambush Bay
MOVIE,112,"['US']",Hans Christian Andersen
MOVIE,102,"['US']",The Liberation of L.B. Jones
MOVIE,117,"['US']","Casey's Shadow"
MOVIE,108,"['US']",Oklahoma Crude
MOVIE,107,"['US']",The Happy Ending
MOVIE,102,"['US']",Fitzwilly
MOVIE,120,"['US']",One of My Wives Is Missing
MOVIE,127,"['US']",Rosebud
MOVIE,103,"['US']",Hennessy
MOVIE,118,"['US']",Huckleberry Finn
MOVIE,102,"['US']",Beneath the 12-Mile Reef
MOVIE,115,"['US']",By Love Possessed
MOVIE,102,"['US']",I Want You
MOVIE,107,"['US']",Eight on the Lam
MOVIE,113,"['US']",Popi
MOVIE,105,"['US']",The River Niger
MOVIE,103,"['US']","The Ambassador's Daughter"
MOVIE,113,"['US']",The Wicked Dreams of Paula Schultz
MOVIE,105,"['US']",Those Lips Those Eyes
MOVIE,110,"['US']",40 Carats
MOVIE,110,"['US']",Some of My Best Friends Are...
MOVIE,115,"['US']",Cry Blood Apache
MOVIE,108,"['US']",Uncle Joe Shannon
MOVIE,109,"['US']",Mixed Company
MOVIE,103,"['US']",The Savage Wild
MOVIE,110,"['US']",Mambo
MOVIE,111,"['US']",Love Is a Ball
MOVIE,105,"['US']",Acapulco Gold
MOVIE,103,"['US']",The Missouri Traveler
MOVIE,116,"['US']",Mission to Glory: A True Story
MOVIE,107,"['US']",Field of Dreams
MOVIE,108,"['US']",Bull Durham
MOVIE,128,"['US']",Dead Poets Society
MOVIE,117,"['US']",Steel Magnolias
MOVIE,123,"['US']",Thief
MOVIE,119,"['US']",The Color of Money
MOVIE,103,"['US']",Heathers
MOVIE,108,"['US']",Blow Out
MOVIE,119,"['US']",Good Morning Vietnam
MOVIE,126,"['US']",Taps
MOVIE,109,"['US']",Gleaming the Cube
MOVIE,111,"['US']",The Beast of War
MOVIE,110,"['US']",Mermaids
MOVIE,125,"['US']",Black Rain
MOVIE,109,"['US']",On Golden Pond
MOVIE,112,"['US']",A Chorus Line
MOVIE,118,"['US']",The Beastmaster
MOVIE,107,"['US']",Hannah and Her Sisters
MOVIE,108,"['US']",True Confessions
MOVIE,105,"['US']","Cutter's Way"
MOVIE,109,"['US']",Heartburn
MOVIE,120,"['US']",Birdy
MOVIE,128,"['US']",Gorky Park
MOVIE,112,"['US']",Hamburger Hill
MOVIE,112,"['US']",Harry & Son
MOVIE,109,"['US']",Young Sherlock Holmes
MOVIE,110,"['US']",Blue Thunder
MOVIE,105,"['US']",Lionheart
MOVIE,112,"['US']",Tuff Turf
MOVIE,101,"['US']","By Dawn's Early Light"
MOVIE,107,"['US']",Lone Wolf McQuade
MOVIE,103,"['US']",The Survivors
MOVIE,102,"['US']",Alice
MOVIE,109,"['US']",Cousins
MOVIE,110,"['US']",Cop
MOVIE,111,"['US']",Trouble in Mind
MOVIE,105,"['US']",Starflight One
MOVIE,117,"['US']",Criminal Law
MOVIE,103,"['US']",Romantic Comedy
MOVIE,120,"['US']",Only When I Laugh
MOVIE,105,"['US']",Red Headed Stranger
MOVIE,109,"['US']",The Big Town
MOVIE,105,"['US']",Terminal Exposure
MOVIE,105,"['US']",A Girl of the Limberlost
MOVIE,102,"['US']",The Ratings Game
MOVIE,111,"['US']",Thunder Alley
MOVIE,108,"['US']",Mata Hari
MOVIE,146,"['US']",The Last Days of Patton
MOVIE,197,"['US']",The Key to Rebecca
MOVIE,120,"['US']",Old Gringo
MOVIE,101,"['US']",Red Nights
MOVIE,115,"['US']",The Assisi Underground
MOVIE,111,"['US']",The Wizard of Loneliness
MOVIE,102,"['US']",From Hollywood to Deadwood
MOVIE,104,"['US']",Marvin & Tige
MOVIE,150,"['US']","Hitler's SS : Portrait In Evil"
MOVIE,142,"['US']",Callie & Son
MOVIE,120,"['US']",Joe Dancer II: The Monkey Mission
MOVIE,128,"['US']",A League of Their Own
MOVIE,194,"['US']",Titanic
MOVIE,116,"['US']",Con Air
MOVIE,130,"['US']",Tombstone
MOVIE,112,"['US']",The Gift
MOVIE,107,"['US']",Grosse Pointe Blank
MOVIE,107,"['US']",The Sixth Sense
MOVIE,106,"['US']",The Usual Suspects
MOVIE,151,"['US']",Armageddon
MOVIE,145,"['US']",Independence Day
MOVIE,143,"['US']",Cast Away
MOVIE,106,"['US']",Unbreakable
MOVIE,177,"['US']",Braveheart
MOVIE,132,"['US']",Enemy of the State
MOVIE,105,"['US']",Bound
MOVIE,113,"['US']",The Thomas Crown Affair
MOVIE,107,"['US']",Dead Again
MOVIE,109,"['US']",Fire in the Sky
MOVIE,103,"['US']",Election
MOVIE,111,"['US']",You Can Count on Me
MOVIE,108,"['US']",Species
MOVIE,116,"['US']",Courage Under Fire
MOVIE,140,"['US']",The Doors
MOVIE,110,"['US']",Small Soldiers
MOVIE,102,"['US']",Freeway
MOVIE,113,"['US']",Kiss the Girls
MOVIE,116,"['US']",The Saint
MOVIE,121,"['US']",Blown Away
MOVIE,117,"['US']",Kalifornia
MOVIE,113,"['US']",The Haunting
MOVIE,104,"['US']",2 Days in the Valley
MOVIE,105,"['US']",Forces of Nature
MOVIE,101,"['US']",Eye for an Eye
MOVIE,108,"['US']",Blue Chips
MOVIE,108,"['US']",Regarding Henry
MOVIE,135,"['US']",Passion Fish
MOVIE,110,"['US']",Double Impact
MOVIE,116,"['US']",Not Without My Daughter
MOVIE,104,"['US']",The Rage: Carrie 2
MOVIE,101,"['US']",White Sands
MOVIE,116,"['US']",Kansas City
MOVIE,126,"['US']",Wind
MOVIE,105,"['US']",The Opposite of Sex
MOVIE,103,"['US']",Autumn in New York
MOVIE,107,"['US']",Diabolique
MOVIE,117,"['US']",Big Eden
MOVIE,108,"['US']",Lucy and Desi: A Home Movie
MOVIE,102,"['US']",Molly
MOVIE,102,"['US']",Sioux City
MOVIE,105,"['US']",Where the Day Takes You
MOVIE,109,"['US']",Wilder Napalm
MOVIE,105,"['US']",The In Crowd
MOVIE,112,"['US']",Beautiful
MOVIE,113,"['US']",The Perez Family
MOVIE,109,"['US']",Evidence of Blood
MOVIE,107,"['US']",Late Bloomers
MOVIE,104,"['US']",Harlan County War
MOVIE,105,"['US']",A Marriage of Convenience
MOVIE,105,"['US']",The Gardener
MOVIE,101,"['US']",The Ride
MOVIE,120,"['US']",Have You Seen My Son
MOVIE,120,"['US']",Cries from the Heart
MOVIE,120,"['US']",Abandoned and Deceived
MOVIE,104,"['US']",Do You Wanna Dance?
MOVIE,115,"['US']",Too Close To Home
MOVIE,110,"['US']",Living in Fear
MOVIE,105,"['US']",A Holiday for Love
MOVIE,120,"['US']","The Color of Love: Jacey's Story"
MOVIE,120,"['US']",Michael Landon the Father I Knew
MOVIE,105,"['US']",The Fixer
MOVIE,104,"['US']",The Mystery of the Sphinx
MOVIE,118,"['US']",Beauty Queen Butcher
MOVIE,120,"['US']",A Memory in My Heart
MOVIE,105,"['US']",The Whereabouts of Jenny
MOVIE,210,"['US']",Liz: The Elizabeth Taylor Story
MOVIE,105,"['US']",Those Secrets
MOVIE,105,"['US']",Poor Liza
MOVIE,126,"['US']",The Passion of the Christ
MOVIE,111,"['US']",Pineapple Express
MOVIE,108,"['US']",The Proposal
MOVIE,139,"['US']",Apocalypto
MOVIE,127,"['US']",Sideways
MOVIE,183,"['US']",Pearl Harbor
MOVIE,139,"['US']",Open Range
MOVIE,117,"['US']",Road to Perdition
MOVIE,108,"['US']",Sweet Home Alabama
MOVIE,166,"['US']",The Curious Case of Benjamin Button
MOVIE,104,"['US']",Brothers
MOVIE,104,"['US']","She's Out of My League"
MOVIE,114,"['US']",The Fighter
MOVIE,139,"['US']",The Guardian
MOVIE,102,"['US']",Garden State
MOVIE,110,"['US']",Bottle Shock
MOVIE,105,"['US']",Out of Time
MOVIE,119,"['US']",Planet of the Apes
MOVIE,101,"['US']",All Good Things
MOVIE,104,"['US']",The Hot Chick
MOVIE,104,"['US']",Jeepers Creepers 2
MOVIE,134,"['US']",Windtalkers
MOVIE,105,"['US']",The Recruit
MOVIE,110,"['US']",The Ring Two
MOVIE,101,"['US']",Spun
MOVIE,118,"['US']",Be Cool
MOVIE,116,"['US']","Who Is Harry Nilsson (And Why Is Everybody Talkin' About Him?)"
MOVIE,105,"['US']",Bringing Down the House
MOVIE,118,"['US']",The Perfect Game
MOVIE,114,"['US']",The Ultimate Gift
MOVIE,107,"['US']",Sidewalks of New York
MOVIE,109,"['US']",Brown Sugar
MOVIE,105,"['US']",Spirit
MOVIE,104,"['US']",Scotland PA
MOVIE,107,"['US']",Fame
MOVIE,105,"['US']",Middle Men
MOVIE,155,"['US']",Out of the Blue
MOVIE,106,"['US']",Powder Blue
MOVIE,103,"['US']",Tortilla Soup
MOVIE,114,"['US']",Welcome Home Roscoe Jenkins
MOVIE,115,"['US']",The Pearl
MOVIE,118,"['US']",Casino Jack and the United States of Money
MOVIE,108,"['US']","Henry's Crime"
MOVIE,104,"['US']",Undertow
MOVIE,104,"['US']",Firefly
MOVIE,128,"['US']",Lucy
MOVIE,112,"['US']","Soldier's Girl"
MOVIE,102,"['US']",Two Weeks
MOVIE,141,"['US']",Sunshine State
MOVIE,105,"['US']",Welcome to Paradise
MOVIE,111,"['US']",Virginia
MOVIE,110,"['US']","Tony n' Tina's Wedding"
MOVIE,101,"['US']",Her Best Move
MOVIE,119,"['US']",The Final Season
MOVIE,108,"['US']",Kickin It Old Skool
MOVIE,111,"['US']",Bhutto
MOVIE,119,"['US']",Brigham City
MOVIE,128,"['US']",Silver City
MOVIE,106,"['US']",Great World of Sound
MOVIE,101,"['US']",Rammstein: In Amerika - Live from Madison Square Garden
MOVIE,106,"['US']",Crazy
MOVIE,104,"['US']",Jack
MOVIE,112,"['US']",Spinning Boris
MOVIE,103,"['US']",Faster
MOVIE,104,"['US']",Megiddo: The Omega Code 2
MOVIE,116,"['US']",Breaking the Maya Code
MOVIE,104,"['US']","All's Faire in Love"
MOVIE,119,"['US']",Good Fences
MOVIE,120,"['US']",RiffTrax Live: House on Haunted Hill
MOVIE,105,"['US']",Boynton Beach Club
MOVIE,130,"['US']",Partners
MOVIE,105,"['US']",Edge of America
MOVIE,114,"['US']",Jasper Texas
MOVIE,110,"['US']",The Work and the Glory
MOVIE,102,"['US']",Come Away Home
MOVIE,108,"['US']",All Roads Lead Home
MOVIE,116,"['US']",First Shot
MOVIE,106,"['US']",Juncture
MOVIE,103,"['US']","Marilyn Hotchkiss' Ballroom Dancing & Charm School"
MOVIE,128,"['US']",Blood Crime
MOVIE,122,"['US']",New World Order
MOVIE,126,"['US']",Come Dance at My Wedding
MOVIE,115,"['US']",Ghost Town: The Movie
MOVIE,103,"['US']","Virginia's Run"
MOVIE,115,"['US']",The Yankles
MOVIE,180,"['US']",The Capture of the Green River Killer
MOVIE,106,"['US']",Fear Of Clowns
MOVIE,106,"['US']",Scorpio Men on Prozac
MOVIE,149,"['US']",Plan
MOVIE,101,"['US']",True Blue
MOVIE,115,"['US']",Shackles
MOVIE,114,"['US']",Frame 313: The JFK Assassination Theories
MOVIE,102,"['US']",UFOs: The Secret History
MOVIE,118,"['US']",American Drug War: The Last White Hope
MOVIE,120,"['US']",More Sex & the Single Mom
MOVIE,110,"['US']",Evil on Queen Street
MOVIE,106,"['US']",Spooky House
MOVIE,120,"['US']",What Makes a Family
MOVIE,105,"['US']",The Substance of Things Hoped For
MOVIE,103,"['US']",Raising Flagg
MOVIE,127,"['US']",Insomnia Manica
MOVIE,112,"['US']",A Christmas Snow
MOVIE,102,"['US']",Bombay Summer
MOVIE,113,"['US']",Arc
MOVIE,128,"['US']",Jack Squad
MOVIE,157,"['US']",Zero Dark Thirty
MOVIE,130,"['US']",Jack Reacher
MOVIE,102,"['US']",Killer Joe
MOVIE,138,"['US']",Flight
MOVIE,131,"['US']",Battleship
MOVIE,102,"['US']",The Watch
MOVIE,111,"['US']",Disconnect
MOVIE,104,"['US']",God Bless America
MOVIE,103,"['US']",This Means War
MOVIE,125,"['US']",Red Tails
MOVIE,102,"['US']",The Woman
MOVIE,112,"['US']",Not Fade Away
MOVIE,110,"['US']",The Double
MOVIE,101,"['US']",Keep the Lights On
MOVIE,105,"['US']",Azorian: The Raising of the K-129
MOVIE,106,"['US']",Something from Nothing: The Art of Rap
MOVIE,105,"['US']",Cross
MOVIE,104,"['US']",The Man Nobody Knew: In Search of My Father CIA Spymaster William Colby
MOVIE,113,"['US']",17 Miracles
MOVIE,115,"['US']",The Falls
MOVIE,108,"['US']",Memorial Day
MOVIE,102,"['US']",Musical Chairs
MOVIE,103,"['US']",Little Red Wagon
MOVIE,105,"['US']",Because I Love You
MOVIE,115,"['US']",Rejoice and Shout
MOVIE,109,"['US']",Heathens and Thieves
MOVIE,105,"['US']","A Mother's Love"
MOVIE,104,"['US']",They Come to America
MOVIE,118,"['US']",Bravo! Common Men Uncommon Valor
MOVIE,120,"['US']",Parts of the Same Circle
MOVIE,116,"['US']",World War Z
MOVIE,130,"['US']",Pain & Gain
MOVIE,132,"['US']",Star Trek Into Darkness
MOVIE,104,"['US']",Oculus
MOVIE,115,"['US']",Nebraska
MOVIE,110,"['US']",G.I. Joe: Retaliation
MOVIE,101,"['US']",CBGB
MOVIE,104,"['US']",Heaven Adores You
MOVIE,152,"['US']",Cocaine Cowboys: Reloaded
MOVIE,120,"['US']",Very Good Girls
MOVIE,109,"['US']",After the Fall
MOVIE,103,"['US']",Falcon Rising
MOVIE,120,"['US']",5 Souls
MOVIE,105,"['US']",The Ultimate Life
MOVIE,104,"['US']","You're Not You"
MOVIE,109,"['US']",Jamesy Boy
MOVIE,109,"['US']",The Price of Honor
MOVIE,107,"['US']",Duke
MOVIE,114,"['US']",Home Run
MOVIE,118,"['US']","I'm in Love with a Church Girl"
MOVIE,115,"['US']",Mr. Dynamite - The Rise of James Brown
MOVIE,107,"['US']",The Identical
MOVIE,118,"['US']",Copperhead
MOVIE,105,"['US']","Axeman at Cutter's Creek"
MOVIE,112,"['US']",Petunia
MOVIE,106,"['US']",Jayhawkers
MOVIE,134,"['US']",Ink & Steel
MOVIE,119,"['US']",Garden of Hedon
MOVIE,104,"['US']",Underdogs
MOVIE,101,"['US']",Savannah
MOVIE,109,"['US']",Autumn Wanderer
MOVIE,106,"['US']",The Christmas Dragon
MOVIE,105,"['US']",Hot Guys with Guns
MOVIE,102,"['US']","It's a Beautiful World"
MOVIE,105,"['US']",Guardian Angel
MOVIE,104,"['US']",Motivational Growth
MOVIE,120,"['US']",The Lies We Tell But the Secrets We Keep: Part 3
MOVIE,105,"['US']",Behind Closed Doors
MOVIE,111,"['US']",Nocturnal Agony
MOVIE,104,"['US']",Crazy Enough
MOVIE,105,"['US']",Edge of Dawn
MOVIE,102,"['US']",Killing Oswald
MOVIE,112,"['US']",Arrival
MOVIE,113,"['US']",Teenage Mutant Ninja Turtles: Out of the Shadows
MOVIE,138,"['US']",Manchester by the Sea
MOVIE,124,"['US']",Trumbo
MOVIE,105,"['US']",Monster Trucks
MOVIE,115,"['US']",Pawn Sacrifice
MOVIE,103,"['US']",Infinity Chamber
MOVIE,129,"['US']",Steve Jobs: The Man in the Machine
MOVIE,127,"['US']",Chi-Raq
MOVIE,105,"['US']",The Last Descent
MOVIE,108,"['US']",Gimme Danger
MOVIE,129,"['US']",Stonewall
MOVIE,119,"['US']",ISRA 88
MOVIE,110,"['US']",Gleason
MOVIE,103,"['US']",Camino
MOVIE,105,"['US']",All We Had
MOVIE,112,"['US']",All at Once
MOVIE,116,"['US']",Sophie and the Rising Sun
MOVIE,112,"['US']",96 Souls
MOVIE,103,"['US']",Barista
MOVIE,104,"['US']",Wildlike
MOVIE,110,"['US']",Author: The JT LeRoy Story
MOVIE,101,"['US']",Jackrabbit
MOVIE,101,"['US']",Altered Hours
MOVIE,103,"['US']",Beyond the Mask
MOVIE,103,"['US']","God's Compass"
MOVIE,107,"['US']",Mourning Son
MOVIE,102,"['US']",Boston2Philly
MOVIE,119,"['US']",Once I Was a Beehive
MOVIE,112,"['US']",Bravetown
MOVIE,106,"['US']",Ear Buds: The Podcasting Documentary
MOVIE,133,"['US']",Tall Men
MOVIE,120,"['US']",Rifftrax Live: Time Chasers
MOVIE,108,"['US']",Northern Borders
MOVIE,111,"['US']",Ryan Bingham Live
MOVIE,113,"['US']",Cassanova Was a Woman
MOVIE,108,"['US']",Lift Me Up
MOVIE,101,"['US']",Beyond Paradise
MOVIE,110,"['US']",Christmas With the Karountzoses
MOVIE,108,"['US']",Horse Camp
MOVIE,110,"['US']",On Meditation
MOVIE,111,"['US']",The Masked Saint
MOVIE,101,"['US']",Alternate Realities
MOVIE,108,"['US']",Road to the Well
MOVIE,113,"['US']",Edison
MOVIE,106,"['US']",Just Let Go
MOVIE,118,"['US']",June Falling Down
MOVIE,110,"['US']",The Looking Glass
MOVIE,112,"['US']",Pass the Light
MOVIE,109,"['US']",The Submarine Kid
MOVIE,105,"['US']",2eleven
MOVIE,104,"['US']",730
MOVIE,110,"['US']",Five-O
MOVIE,146,"['US']",Kirk Whalum: The Gospel According to Jazz (IV)
MOVIE,117,"['US']",Zara Si Bhool A Small Mistake
MOVIE,118,"['US']",Clandestine
MOVIE,106,"['US']",One Church
MOVIE,104,"['US']",A Man Possessed
MOVIE,104,"['US']",Music & Murder
MOVIE,121,"['US']",Beautiful Boy
MOVIE,119,"['US']",The Big Sick
MOVIE,104,"['US']",Stargate Origins: Catherine
MOVIE,124,"['US']",Summer Days Summer Nights
MOVIE,114,"['US']","Don't Worry He Won't Get Far on Foot"
MOVIE,125,"['US']",Last Flag Flying
MOVIE,101,"['US']",Jonathan
MOVIE,108,"['US']",Heal
MOVIE,111,"['US']",Demon House
MOVIE,101,"['US']",Wonder Wheel
MOVIE,111,"['US']",Gringo
MOVIE,104,"['US']",Zoe
MOVIE,115,"['US']",Wonderstruck
MOVIE,106,"['US']",Generation Wealth
MOVIE,106,"['US']",Primal Rage
MOVIE,102,"['US']",The Year of Spectacular Men
MOVIE,102,"['US']","Summer '03"
MOVIE,101,"['US']","Brad's Status"
MOVIE,105,"['US']",Almost Friends
MOVIE,110,"['US']",In Dubious Battle
MOVIE,101,"['US']",Grace
MOVIE,105,"['US']",Lost Child
MOVIE,101,"['US']",Class Rank
MOVIE,120,"['US']",The Trump Prophecy
MOVIE,104,"['US']",Camp Cool Kids
MOVIE,105,"['US']",The Competition
MOVIE,112,"['US']",Alex & the List
MOVIE,116,"['US']",Amazed By You
MOVIE,116,"['US']",Plug Love
MOVIE,105,"['US']",3 Years in Pakistan: The Erik Aude Story
MOVIE,102,"['US']","Survivor's Guide to Prison"
MOVIE,111,"['US']",The Broken Rose
MOVIE,104,"['US']",Trafficked
MOVIE,103,"['US']","Faith's Song"
MOVIE,108,"['US']","Mercy's Girl"
MOVIE,111,"['US']",Bayou Caviar
MOVIE,102,"['US']",One Under the Sun
MOVIE,109,"['US']",A Very Sordid Wedding
MOVIE,106,"['US']",Charm City
MOVIE,114,"['US']",The Horse Dancer
MOVIE,110,"['US']",Heartbeats
MOVIE,110,"['US']",Running for Grace
MOVIE,103,"['US']",Cheaper 2 Keep Her
MOVIE,107,"['US']",Butterfly Caught
MOVIE,117,"['US']",Translated
MOVIE,120,"['US']",Before Your Time
MOVIE,110,"['US']",Bitter Melon
MOVIE,105,"['US']",Go North
MOVIE,128,"['US']",Wild Faith
MOVIE,120,"['US']",The Truth About Christmas
MOVIE,120,"['US']",Breakable You
MOVIE,102,"['US']",Monsoon
MOVIE,129,"['US']",The Rainbow Experiment
MOVIE,107,"['US']",Fury of the Fist and the Golden Fleece
MOVIE,101,"['US']",Restoring the Shack
MOVIE,105,"['US']",A Lonely Woman
MOVIE,105,"['US']",The Ghost and the Whale
MOVIE,103,"['US']",Away from Everywhere
MOVIE,107,"['US']",Double Eagle Ranch
MOVIE,107,"['US']","Joe's War"
MOVIE,107,"['US']",The Ring Thing
MOVIE,125,"['US']",The Road to Edmond
MOVIE,138,"['US']",The Kingsbury Run
MOVIE,119,"['US']",Dawn
MOVIE,118,"['US']",Call Me King
MOVIE,102,"['US']",Kindness Matters
MOVIE,104,"['US']",Scramble
MOVIE,115,"['US']",Sunny
MOVIE,108,"['US']",The Wake Up Call Movie
MOVIE,134,"['US']",Got my Hustle Up
MOVIE,144,"['US']",Boss
MOVIE,106,"['US']",Baja
MOVIE,108,"['US']",5K1
MOVIE,105,"['US']",Jack Vs. Lanterns
MOVIE,120,"['US']",Boyfriend Killer
MOVIE,118,"['US']",Love and Monsters
MOVIE,118,"['US']",Most Dangerous Game
MOVIE,104,"['US']",Black Bear
MOVIE,103,"['US']",They Live Inside Us
MOVIE,102,"['US']",Spontaneous
MOVIE,105,"['US']",Jay and Silent Bob Reboot
MOVIE,105,"['US']",Lost Transmissions
MOVIE,116,"['US']",The Arbors
MOVIE,102,"['US']",Valley Girl
MOVIE,124,"['US']",Our Friend
MOVIE,114,"['US']",One Night in Miami...
MOVIE,118,"['US']",The Report
MOVIE,149,"['US']",The Goldfinch
MOVIE,268,"['US']",On the Trail of UFOs
MOVIE,101,"['US']",First Lady
MOVIE,115,"['US']",Arkansas
MOVIE,103,"['US']",Brittany Runs a Marathon
MOVIE,107,"['US']",The Secret: Dare to Dream
MOVIE,120,"['US']",Close Encounters of the Fifth Kind
MOVIE,111,"['US']",Words on Bathroom Walls
MOVIE,121,"['US']",Here After
MOVIE,119,"['US']",Light of My Life
MOVIE,102,"['US']",Late Night
MOVIE,120,"['US']","I'm Your Woman"
MOVIE,147,"['US']",The Glorias
MOVIE,104,"['US']",Come As You Are
MOVIE,119,"['US']",Intersect
MOVIE,101,"['US']",Max Reload and the Nether Blasters
MOVIE,114,"['US']","Sylvie's Love"
MOVIE,101,"['US']",Back Roads
MOVIE,108,"['US']","The Pilgrim's Progress"
MOVIE,111,"['US']",Bottom of the 9th
MOVIE,107,"['US']",Life in a Year
MOVIE,105,"['US']",Halston
MOVIE,101,"['US']","She's in Portland"
MOVIE,105,"['US']",Red Dog
MOVIE,110,"['US']",Give Me Liberty
MOVIE,108,"['US']",Bolden
MOVIE,103,"['US']",Nesting Dolls
MOVIE,111,"['US']",More Beautiful for Having Been Broken
MOVIE,106,"['US']",Uncle Tom
MOVIE,104,"['US']",Mondo Hollywoodland
MOVIE,104,"['US']",Hesburgh
MOVIE,107,"['US']",The Odds
MOVIE,103,"['US']",I Hate the Man in My Basement
MOVIE,104,"['US']",Netflix vs. the World
MOVIE,148,"['US']","This World Won't Break"
MOVIE,106,"['US']",Inmate Zero
MOVIE,105,"['US']",Get Back Up
MOVIE,101,"['US']",Manifest Destiny Down: Spacetime
MOVIE,137,"['US']",Cliffs of Freedom
MOVIE,103,"['US']",Braking for Whales
MOVIE,107,"['US']",Pull
MOVIE,119,"['US']",Her Name Was Christa
MOVIE,103,"['US']",Rag Doll
MOVIE,105,"['US']",10/31 Part 2
MOVIE,107,"['US']",Gunpoint
MOVIE,112,"['US']",Found.
MOVIE,104,"['US']",Imprisoned
MOVIE,106,"['US']",From Zero to I Love You
MOVIE,127,"['US']",Language Arts
MOVIE,102,"['US']",All In: The Fight for Democracy
MOVIE,103,"['US']",Josie & Jack
MOVIE,104,"['US']",Out of Body
MOVIE,122,"['US']",Girl/Girl Scene: The Movie
MOVIE,131,"['US']",Turned Out
MOVIE,132,"['US']",A Haunting on Brockway Street
MOVIE,106,"['US']",Finding Grace
MOVIE,102,"['US']",Mighty Oak
MOVIE,101,"['US']",The Bet
MOVIE,126,"['US']",Big Kill
MOVIE,110,"['US']",Any Bullet Will Do
MOVIE,110,"['US']","I'd Like to Be Alone Now"
MOVIE,104,"['US']",Happiness Continues
MOVIE,118,"['US']",Juvenile Delinquents
MOVIE,101,"['US']",Interviewing Monsters and Bigfoot
MOVIE,117,"['US']",Chasing the Rain
MOVIE,123,"['US']",No Love Lost
MOVIE,103,"['US']",The Incoherents
MOVIE,103,"['US']",The Prayer List
MOVIE,109,"['US']",Skydog
MOVIE,110,"['US']",The Creatress
MOVIE,102,"['US']",Crucifixion Quake
MOVIE,142,"['US']","Maggie Shayne's Embrace the Twilight"
MOVIE,103,"['US']",Elfette Saves Christmas
MOVIE,102,"['US']","Pungo: A Witch's Tale"
MOVIE,103,"['US']",Threebound
MOVIE,113,"['US']",Middletown
MOVIE,110,"['US']",Romance Analyst
MOVIE,103,"['US']",A New Husband for Christmas
MOVIE,102,"['US']",Rising Free
MOVIE,115,"['US']",The Alliance
MOVIE,121,"['US']",Deceitful Passions
MOVIE,104,"['US']",Union Bound
MOVIE,107,"['US']",Catching Up
MOVIE,101,"['US']",All the Old Knives
MOVIE,111,"['US']",I Want You Back
MOVIE,109,"['US']",The Protégé
MOVIE,104,"['US']",The Tender Bar
MOVIE,132,"['US']",Being the Ricardos
MOVIE,108,"['US']",The Marksman
MOVIE,103,"['US']",Lucy and Desi
MOVIE,117,"['US']",The Voyeurs
MOVIE,140,"['US']",The Tomorrow War
MOVIE,109,"['US']",Val
MOVIE,109,"['US']","Tom Clancy's Without Remorse"
MOVIE,104,"['US']",Hard Luck Love Song
MOVIE,102,"['US']",I Love America
MOVIE,110,"['US']",Coming 2 America
MOVIE,111,"['US']",Needle in a Timestack
MOVIE,113,"['US']",Cinderella
MOVIE,119,"['US']",Lansky
MOVIE,119,"['US']",Finding You
MOVIE,107,"['US']",Music
MOVIE,103,"['US']",Bliss
MOVIE,125,"['US']",Fisher
MOVIE,115,"['US']",Church People
MOVIE,107,"['US']",American Traitor: The Trial of Axis Sally
MOVIE,103,"['US']",Stars Fell on Alabama
MOVIE,103,"['US']",Break Every Chain
MOVIE,104,"['US']",Bad Candy
MOVIE,104,"['US']",Son of the South
MOVIE,101,"['US']",For Love & Country
MOVIE,101,"['US']",Forget Everything and Run
MOVIE,104,"['US']",All About Sex
MOVIE,115,"['US']",A Match Made at Christmas
MOVIE,113,"['US']",MAD
MOVIE,102,"['US']",First Signal
MOVIE,105,"['US']",Norman
MOVIE,120,"['US']",Cerebrum
MOVIE,130,"['US']",Conflicted
MOVIE,145,"['US']",After Masks
MOVIE,103,"['US']",Octagon
MOVIE,110,"['US']",One and the Same
MOVIE,110,"['US']",Donna: Stronger Than Pretty
MOVIE,107,"['US']",Divided We Fall
MOVIE,102,"['US']",The Forbidden Wish
MOVIE,106,"['US']",Take Me to Tarzana
MOVIE,116,"['US']",The Matchmaker
MOVIE,105,"['US']",Lazarus
MOVIE,102,"['US']",Kringle Time
MOVIE,113,"['US']",Young and the Ratchet
MOVIE,107,"['US']",Beyond Adversity
MOVIE,113,"['US']",Me Familia 2
MOVIE,113,"['US']",Raleigh I Kinda Like You
MOVIE,101,"['US']",Insta Famous
MOVIE,115,"['US']",Broken Armor
MOVIE,105,"['US']",Unsurety
MOVIE,101,"['US']",All We Got
MOVIE,107,"['US']",Raunch and Roll
MOVIE,114,"['US']",Hal King
MOVIE,107,"['US']","Chloe's Mountain"